{
  "ABIRoot": {
    "kind": "Root",
    "name": "SmileIDSecurity",
    "printedName": "SmileIDSecurity",
    "children": [
      {
        "kind": "Import",
        "name": "Foundation",
        "printedName": "Foundation",
        "declKind": "Import",
        "moduleName": "SmileIDSecurity",
        "declAttributes": [
          "RawDocComment"
        ]
      },
      {
        "kind": "TypeDecl",
        "name": "ArkanaKeys",
        "printedName": "ArkanaKeys",
        "children": [
          {
            "kind": "TypeDecl",
            "name": "Global",
            "printedName": "Global",
            "children": [
              {
                "kind": "Constructor",
                "name": "init",
                "printedName": "init()",
                "children": [
                  {
                    "kind": "TypeNominal",
                    "name": "Global",
                    "printedName": "SmileIDSecurity.ArkanaKeys.Global",
                    "usr": "s:15SmileIDSecurity10ArkanaKeysO6GlobalV"
                  }
                ],
                "declKind": "Constructor",
                "usr": "s:15SmileIDSecurity10ArkanaKeysO6GlobalVAEycfc",
                "mangledName": "$s15SmileIDSecurity10ArkanaKeysO6GlobalVAEycfc",
                "moduleName": "SmileIDSecurity",
                "declAttributes": [
                  "AccessControl"
                ],
                "init_kind": "Designated"
              },
              {
                "kind": "Var",
                "name": "sENTRY_DSN",
                "printedName": "sENTRY_DSN",
                "children": [
                  {
                    "kind": "TypeNominal",
                    "name": "String",
                    "printedName": "Swift.String",
                    "usr": "s:SS"
                  }
                ],
                "declKind": "Var",
                "usr": "s:15SmileIDSecurity10ArkanaKeysO6GlobalV10sENTRY_DSNSSvp",
                "mangledName": "$s15SmileIDSecurity10ArkanaKeysO6GlobalV10sENTRY_DSNSSvp",
                "moduleName": "SmileIDSecurity",
                "declAttributes": [
                  "HasInitialValue",
                  "HasStorage",
                  "AccessControl",
                  "Inline"
                ],
                "isLet": true,
                "hasStorage": true,
                "accessors": [
                  {
                    "kind": "Accessor",
                    "name": "Get",
                    "printedName": "Get()",
                    "children": [
                      {
                        "kind": "TypeNominal",
                        "name": "String",
                        "printedName": "Swift.String",
                        "usr": "s:SS"
                      }
                    ],
                    "declKind": "Accessor",
                    "usr": "s:15SmileIDSecurity10ArkanaKeysO6GlobalV10sENTRY_DSNSSvg",
                    "mangledName": "$s15SmileIDSecurity10ArkanaKeysO6GlobalV10sENTRY_DSNSSvg",
                    "moduleName": "SmileIDSecurity",
                    "implicit": true,
                    "accessorKind": "get"
                  }
                ]
              }
            ],
            "declKind": "Struct",
            "usr": "s:15SmileIDSecurity10ArkanaKeysO6GlobalV",
            "mangledName": "$s15SmileIDSecurity10ArkanaKeysO6GlobalV",
            "moduleName": "SmileIDSecurity",
            "isFromExtension": true,
            "conformances": [
              {
                "kind": "Conformance",
                "name": "Copyable",
                "printedName": "Copyable",
                "usr": "s:s8CopyableP",
                "mangledName": "$ss8CopyableP"
              },
              {
                "kind": "Conformance",
                "name": "Escapable",
                "printedName": "Escapable",
                "usr": "s:s9EscapableP",
                "mangledName": "$ss9EscapableP"
              },
              {
                "kind": "Conformance",
                "name": "ArkanaKeysGlobalProtocol",
                "printedName": "ArkanaKeysGlobalProtocol",
                "usr": "s:15SmileIDSecurity24ArkanaKeysGlobalProtocolP",
                "mangledName": "$s15SmileIDSecurity24ArkanaKeysGlobalProtocolP"
              }
            ]
          }
        ],
        "declKind": "Enum",
        "usr": "s:15SmileIDSecurity10ArkanaKeysO",
        "mangledName": "$s15SmileIDSecurity10ArkanaKeysO",
        "moduleName": "SmileIDSecurity",
        "declAttributes": [
          "AccessControl"
        ],
        "conformances": [
          {
            "kind": "Conformance",
            "name": "Copyable",
            "printedName": "Copyable",
            "usr": "s:s8CopyableP",
            "mangledName": "$ss8CopyableP"
          },
          {
            "kind": "Conformance",
            "name": "Escapable",
            "printedName": "Escapable",
            "usr": "s:s9EscapableP",
            "mangledName": "$ss9EscapableP"
          }
        ]
      },
      {
        "kind": "TypeDecl",
        "name": "ArkanaKeysGlobalProtocol",
        "printedName": "ArkanaKeysGlobalProtocol",
        "children": [
          {
            "kind": "Var",
            "name": "sENTRY_DSN",
            "printedName": "sENTRY_DSN",
            "children": [
              {
                "kind": "TypeNominal",
                "name": "String",
                "printedName": "Swift.String",
                "usr": "s:SS"
              }
            ],
            "declKind": "Var",
            "usr": "s:15SmileIDSecurity24ArkanaKeysGlobalProtocolP10sENTRY_DSNSSvp",
            "mangledName": "$s15SmileIDSecurity24ArkanaKeysGlobalProtocolP10sENTRY_DSNSSvp",
            "moduleName": "SmileIDSecurity",
            "protocolReq": true,
            "accessors": [
              {
                "kind": "Accessor",
                "name": "Get",
                "printedName": "Get()",
                "children": [
                  {
                    "kind": "TypeNominal",
                    "name": "String",
                    "printedName": "Swift.String",
                    "usr": "s:SS"
                  }
                ],
                "declKind": "Accessor",
                "usr": "s:15SmileIDSecurity24ArkanaKeysGlobalProtocolP10sENTRY_DSNSSvg",
                "mangledName": "$s15SmileIDSecurity24ArkanaKeysGlobalProtocolP10sENTRY_DSNSSvg",
                "moduleName": "SmileIDSecurity",
                "genericSig": "<τ_0_0 where τ_0_0 : SmileIDSecurity.ArkanaKeysGlobalProtocol>",
                "sugared_genericSig": "<Self where Self : SmileIDSecurity.ArkanaKeysGlobalProtocol>",
                "protocolReq": true,
                "reqNewWitnessTableEntry": true,
                "accessorKind": "get"
              }
            ]
          }
        ],
        "declKind": "Protocol",
        "usr": "s:15SmileIDSecurity24ArkanaKeysGlobalProtocolP",
        "mangledName": "$s15SmileIDSecurity24ArkanaKeysGlobalProtocolP",
        "moduleName": "SmileIDSecurity",
        "declAttributes": [
          "AccessControl"
        ],
        "conformances": [
          {
            "kind": "Conformance",
            "name": "Escapable",
            "printedName": "Escapable",
            "usr": "s:s9EscapableP",
            "mangledName": "$ss9EscapableP"
          },
          {
            "kind": "Conformance",
            "name": "Copyable",
            "printedName": "Copyable",
            "usr": "s:s8CopyableP",
            "mangledName": "$ss8CopyableP"
          }
        ]
      },
      {
        "kind": "Import",
        "name": "Foundation",
        "printedName": "Foundation",
        "declKind": "Import",
        "moduleName": "SmileIDSecurity"
      },
      {
        "kind": "Import",
        "name": "CryptoKit",
        "printedName": "CryptoKit",
        "declKind": "Import",
        "moduleName": "SmileIDSecurity"
      },
      {
        "kind": "Import",
        "name": "CommonCrypto",
        "printedName": "CommonCrypto",
        "declKind": "Import",
        "moduleName": "SmileIDSecurity"
      },
      {
        "kind": "TypeDecl",
        "name": "SmileIDCryptoError",
        "printedName": "SmileIDCryptoError",
        "children": [
          {
            "kind": "Var",
            "name": "deriveKeyError",
            "printedName": "deriveKeyError",
            "children": [
              {
                "kind": "TypeFunc",
                "name": "Function",
                "printedName": "(SmileIDSecurity.SmileIDCryptoError.Type) -> SmileIDSecurity.SmileIDCryptoError",
                "children": [
                  {
                    "kind": "TypeNominal",
                    "name": "SmileIDCryptoError",
                    "printedName": "SmileIDSecurity.SmileIDCryptoError",
                    "usr": "s:15SmileIDSecurity0A13IDCryptoErrorO"
                  },
                  {
                    "kind": "TypeNominal",
                    "name": "Metatype",
                    "printedName": "SmileIDSecurity.SmileIDCryptoError.Type",
                    "children": [
                      {
                        "kind": "TypeNominal",
                        "name": "SmileIDCryptoError",
                        "printedName": "SmileIDSecurity.SmileIDCryptoError",
                        "usr": "s:15SmileIDSecurity0A13IDCryptoErrorO"
                      }
                    ]
                  }
                ]
              }
            ],
            "declKind": "EnumElement",
            "usr": "s:15SmileIDSecurity0A13IDCryptoErrorO09deriveKeyD0yA2CmF",
            "mangledName": "$s15SmileIDSecurity0A13IDCryptoErrorO09deriveKeyD0yA2CmF",
            "moduleName": "SmileIDSecurity"
          },
          {
            "kind": "Var",
            "name": "encodingError",
            "printedName": "encodingError",
            "children": [
              {
                "kind": "TypeFunc",
                "name": "Function",
                "printedName": "(SmileIDSecurity.SmileIDCryptoError.Type) -> SmileIDSecurity.SmileIDCryptoError",
                "children": [
                  {
                    "kind": "TypeNominal",
                    "name": "SmileIDCryptoError",
                    "printedName": "SmileIDSecurity.SmileIDCryptoError",
                    "usr": "s:15SmileIDSecurity0A13IDCryptoErrorO"
                  },
                  {
                    "kind": "TypeNominal",
                    "name": "Metatype",
                    "printedName": "SmileIDSecurity.SmileIDCryptoError.Type",
                    "children": [
                      {
                        "kind": "TypeNominal",
                        "name": "SmileIDCryptoError",
                        "printedName": "SmileIDSecurity.SmileIDCryptoError",
                        "usr": "s:15SmileIDSecurity0A13IDCryptoErrorO"
                      }
                    ]
                  }
                ]
              }
            ],
            "declKind": "EnumElement",
            "usr": "s:15SmileIDSecurity0A13IDCryptoErrorO08encodingD0yA2CmF",
            "mangledName": "$s15SmileIDSecurity0A13IDCryptoErrorO08encodingD0yA2CmF",
            "moduleName": "SmileIDSecurity"
          },
          {
            "kind": "Var",
            "name": "cantReadSecretValueError",
            "printedName": "cantReadSecretValueError",
            "children": [
              {
                "kind": "TypeFunc",
                "name": "Function",
                "printedName": "(SmileIDSecurity.SmileIDCryptoError.Type) -> SmileIDSecurity.SmileIDCryptoError",
                "children": [
                  {
                    "kind": "TypeNominal",
                    "name": "SmileIDCryptoError",
                    "printedName": "SmileIDSecurity.SmileIDCryptoError",
                    "usr": "s:15SmileIDSecurity0A13IDCryptoErrorO"
                  },
                  {
                    "kind": "TypeNominal",
                    "name": "Metatype",
                    "printedName": "SmileIDSecurity.SmileIDCryptoError.Type",
                    "children": [
                      {
                        "kind": "TypeNominal",
                        "name": "SmileIDCryptoError",
                        "printedName": "SmileIDSecurity.SmileIDCryptoError",
                        "usr": "s:15SmileIDSecurity0A13IDCryptoErrorO"
                      }
                    ]
                  }
                ]
              }
            ],
            "declKind": "EnumElement",
            "usr": "s:15SmileIDSecurity0A13IDCryptoErrorO019cantReadSecretValueD0yA2CmF",
            "mangledName": "$s15SmileIDSecurity0A13IDCryptoErrorO019cantReadSecretValueD0yA2CmF",
            "moduleName": "SmileIDSecurity"
          },
          {
            "kind": "Function",
            "name": "==",
            "printedName": "==(_:_:)",
            "children": [
              {
                "kind": "TypeNominal",
                "name": "Bool",
                "printedName": "Swift.Bool",
                "usr": "s:Sb"
              },
              {
                "kind": "TypeNominal",
                "name": "SmileIDCryptoError",
                "printedName": "SmileIDSecurity.SmileIDCryptoError",
                "usr": "s:15SmileIDSecurity0A13IDCryptoErrorO"
              },
              {
                "kind": "TypeNominal",
                "name": "SmileIDCryptoError",
                "printedName": "SmileIDSecurity.SmileIDCryptoError",
                "usr": "s:15SmileIDSecurity0A13IDCryptoErrorO"
              }
            ],
            "declKind": "Func",
            "usr": "s:15SmileIDSecurity0A13IDCryptoErrorO2eeoiySbAC_ACtFZ",
            "mangledName": "$s15SmileIDSecurity0A13IDCryptoErrorO2eeoiySbAC_ACtFZ",
            "moduleName": "SmileIDSecurity",
            "static": true,
            "implicit": true,
            "funcSelfKind": "NonMutating"
          },
          {
            "kind": "Var",
            "name": "hashValue",
            "printedName": "hashValue",
            "children": [
              {
                "kind": "TypeNominal",
                "name": "Int",
                "printedName": "Swift.Int",
                "usr": "s:Si"
              }
            ],
            "declKind": "Var",
            "usr": "s:15SmileIDSecurity0A13IDCryptoErrorO9hashValueSivp",
            "mangledName": "$s15SmileIDSecurity0A13IDCryptoErrorO9hashValueSivp",
            "moduleName": "SmileIDSecurity",
            "implicit": true,
            "accessors": [
              {
                "kind": "Accessor",
                "name": "Get",
                "printedName": "Get()",
                "children": [
                  {
                    "kind": "TypeNominal",
                    "name": "Int",
                    "printedName": "Swift.Int",
                    "usr": "s:Si"
                  }
                ],
                "declKind": "Accessor",
                "usr": "s:15SmileIDSecurity0A13IDCryptoErrorO9hashValueSivg",
                "mangledName": "$s15SmileIDSecurity0A13IDCryptoErrorO9hashValueSivg",
                "moduleName": "SmileIDSecurity",
                "implicit": true,
                "accessorKind": "get"
              }
            ]
          },
          {
            "kind": "Function",
            "name": "hash",
            "printedName": "hash(into:)",
            "children": [
              {
                "kind": "TypeNominal",
                "name": "Void",
                "printedName": "()"
              },
              {
                "kind": "TypeNominal",
                "name": "Hasher",
                "printedName": "Swift.Hasher",
                "paramValueOwnership": "InOut",
                "usr": "s:s6HasherV"
              }
            ],
            "declKind": "Func",
            "usr": "s:15SmileIDSecurity0A13IDCryptoErrorO4hash4intoys6HasherVz_tF",
            "mangledName": "$s15SmileIDSecurity0A13IDCryptoErrorO4hash4intoys6HasherVz_tF",
            "moduleName": "SmileIDSecurity",
            "implicit": true,
            "funcSelfKind": "NonMutating"
          }
        ],
        "declKind": "Enum",
        "usr": "s:15SmileIDSecurity0A13IDCryptoErrorO",
        "mangledName": "$s15SmileIDSecurity0A13IDCryptoErrorO",
        "moduleName": "SmileIDSecurity",
        "declAttributes": [
          "AccessControl",
          "RawDocComment"
        ],
        "conformances": [
          {
            "kind": "Conformance",
            "name": "Copyable",
            "printedName": "Copyable",
            "usr": "s:s8CopyableP",
            "mangledName": "$ss8CopyableP"
          },
          {
            "kind": "Conformance",
            "name": "Escapable",
            "printedName": "Escapable",
            "usr": "s:s9EscapableP",
            "mangledName": "$ss9EscapableP"
          },
          {
            "kind": "Conformance",
            "name": "Equatable",
            "printedName": "Equatable",
            "usr": "s:SQ",
            "mangledName": "$sSQ"
          },
          {
            "kind": "Conformance",
            "name": "Hashable",
            "printedName": "Hashable",
            "usr": "s:SH",
            "mangledName": "$sSH"
          },
          {
            "kind": "Conformance",
            "name": "Error",
            "printedName": "Error",
            "usr": "s:s5ErrorP",
            "mangledName": "$ss5ErrorP"
          },
          {
            "kind": "Conformance",
            "name": "Sendable",
            "printedName": "Sendable",
            "usr": "s:s8SendableP",
            "mangledName": "$ss8SendableP"
          }
        ]
      },
      {
        "kind": "TypeDecl",
        "name": "SmileIDCryptoManager",
        "printedName": "SmileIDCryptoManager",
        "children": [
          {
            "kind": "Var",
            "name": "shared",
            "printedName": "shared",
            "children": [
              {
                "kind": "TypeNominal",
                "name": "SmileIDCryptoManager",
                "printedName": "SmileIDSecurity.SmileIDCryptoManager",
                "usr": "s:15SmileIDSecurity0A15IDCryptoManagerC"
              }
            ],
            "declKind": "Var",
            "usr": "s:15SmileIDSecurity0A15IDCryptoManagerC6sharedACvpZ",
            "mangledName": "$s15SmileIDSecurity0A15IDCryptoManagerC6sharedACvpZ",
            "moduleName": "SmileIDSecurity",
            "static": true,
            "declAttributes": [
              "HasInitialValue",
              "Final",
              "HasStorage",
              "AccessControl",
              "RawDocComment"
            ],
            "isLet": true,
            "hasStorage": true,
            "accessors": [
              {
                "kind": "Accessor",
                "name": "Get",
                "printedName": "Get()",
                "children": [
                  {
                    "kind": "TypeNominal",
                    "name": "SmileIDCryptoManager",
                    "printedName": "SmileIDSecurity.SmileIDCryptoManager",
                    "usr": "s:15SmileIDSecurity0A15IDCryptoManagerC"
                  }
                ],
                "declKind": "Accessor",
                "usr": "s:15SmileIDSecurity0A15IDCryptoManagerC6sharedACvgZ",
                "mangledName": "$s15SmileIDSecurity0A15IDCryptoManagerC6sharedACvgZ",
                "moduleName": "SmileIDSecurity",
                "static": true,
                "implicit": true,
                "declAttributes": [
                  "Final"
                ],
                "accessorKind": "get"
              }
            ]
          },
          {
            "kind": "Function",
            "name": "sign",
            "printedName": "sign(timestamp:files:)",
            "children": [
              {
                "kind": "TypeNominal",
                "name": "String",
                "printedName": "Swift.String",
                "usr": "s:SS"
              },
              {
                "kind": "TypeNominal",
                "name": "String",
                "printedName": "Swift.String",
                "usr": "s:SS"
              },
              {
                "kind": "TypeNominal",
                "name": "Array",
                "printedName": "[Foundation.URL]",
                "children": [
                  {
                    "kind": "TypeNominal",
                    "name": "URL",
                    "printedName": "Foundation.URL",
                    "usr": "s:10Foundation3URLV"
                  }
                ],
                "usr": "s:Sa"
              }
            ],
            "declKind": "Func",
            "usr": "s:15SmileIDSecurity0A15IDCryptoManagerC4sign9timestamp5filesS2S_Say10Foundation3URLVGtKF",
            "mangledName": "$s15SmileIDSecurity0A15IDCryptoManagerC4sign9timestamp5filesS2S_Say10Foundation3URLVGtKF",
            "moduleName": "SmileIDSecurity",
            "declAttributes": [
              "AccessControl",
              "RawDocComment"
            ],
            "throwing": true,
            "funcSelfKind": "NonMutating"
          },
          {
            "kind": "Function",
            "name": "sign",
            "printedName": "sign(timestamp:headers:payload:)",
            "children": [
              {
                "kind": "TypeNominal",
                "name": "String",
                "printedName": "Swift.String",
                "usr": "s:SS"
              },
              {
                "kind": "TypeNominal",
                "name": "String",
                "printedName": "Swift.String",
                "usr": "s:SS"
              },
              {
                "kind": "TypeNominal",
                "name": "Optional",
                "printedName": "[Swift.String : Swift.String]?",
                "children": [
                  {
                    "kind": "TypeNominal",
                    "name": "Dictionary",
                    "printedName": "[Swift.String : Swift.String]",
                    "children": [
                      {
                        "kind": "TypeNominal",
                        "name": "String",
                        "printedName": "Swift.String",
                        "usr": "s:SS"
                      },
                      {
                        "kind": "TypeNominal",
                        "name": "String",
                        "printedName": "Swift.String",
                        "usr": "s:SS"
                      }
                    ],
                    "usr": "s:SD"
                  }
                ],
                "hasDefaultArg": true,
                "usr": "s:Sq"
              },
              {
                "kind": "TypeNominal",
                "name": "Optional",
                "printedName": "Foundation.Data?",
                "children": [
                  {
                    "kind": "TypeNominal",
                    "name": "Data",
                    "printedName": "Foundation.Data",
                    "usr": "s:10Foundation4DataV"
                  }
                ],
                "hasDefaultArg": true,
                "usr": "s:Sq"
              }
            ],
            "declKind": "Func",
            "usr": "s:15SmileIDSecurity0A15IDCryptoManagerC4sign9timestamp7headers7payloadS2S_SDyS2SGSg10Foundation4DataVSgtKF",
            "mangledName": "$s15SmileIDSecurity0A15IDCryptoManagerC4sign9timestamp7headers7payloadS2S_SDyS2SGSg10Foundation4DataVSgtKF",
            "moduleName": "SmileIDSecurity",
            "declAttributes": [
              "AccessControl",
              "RawDocComment"
            ],
            "throwing": true,
            "funcSelfKind": "NonMutating"
          }
        ],
        "declKind": "Class",
        "usr": "s:15SmileIDSecurity0A15IDCryptoManagerC",
        "mangledName": "$s15SmileIDSecurity0A15IDCryptoManagerC",
        "moduleName": "SmileIDSecurity",
        "declAttributes": [
          "AccessControl",
          "RawDocComment"
        ],
        "hasMissingDesignatedInitializers": true,
        "conformances": [
          {
            "kind": "Conformance",
            "name": "Copyable",
            "printedName": "Copyable",
            "usr": "s:s8CopyableP",
            "mangledName": "$ss8CopyableP"
          },
          {
            "kind": "Conformance",
            "name": "Escapable",
            "printedName": "Escapable",
            "usr": "s:s9EscapableP",
            "mangledName": "$ss9EscapableP"
          }
        ]
      }
    ],
    "json_format_version": 8
  },
  "ConstValues": [
    {
      "filePath": "\/Users\/runner\/work\/ios-secure\/ios-secure\/Sources\/ArkanaKeys.swift",
      "kind": "Array",
      "offset": 198,
      "length": 389,
      "value": "[0x1f, 0x53, 0xb0, 0x8c, 0xa3, 0x10, 0xd8, 0xd0, 0x88, 0x82, 0xc4, 0xf6, 0x3a, 0xd3, 0xfd, 0x63, 0x21, 0xa5, 0x33, 0x5b, 0x4d, 0x53, 0xf2, 0xf7, 0xd2, 0xe9, 0xcc, 0xd, 0xec, 0x99, 0xad, 0x33, 0x1b, 0x31, 0xf0, 0x5, 0x79, 0x5e, 0x6b, 0x20, 0xd7, 0xc6, 0xf2, 0x35, 0x6e, 0xda, 0x7e, 0xae, 0x81, 0x10, 0x45, 0xeb, 0xe6, 0xbc, 0x40, 0xf8, 0x57, 0x1a, 0xee, 0x9e, 0x46, 0xd, 0x54, 0x76]"
    },
    {
      "filePath": "\/Users\/runner\/work\/ios-secure\/ios-secure\/Sources\/ArkanaKeys.swift",
      "kind": "Array",
      "offset": 1343,
      "length": 523,
      "value": "[0x77, 0x27, 0xc4, 0xfc, 0xd0, 0x2a, 0xf7, 0xff, 0xec, 0xba, 0xf5, 0x95, 0xe, 0xe7, 0xcb, 0x52, 0x16, 0x9d, 0xa, 0x62, 0x79, 0x37, 0x93, 0x96, 0xb3, 0xdc, 0xfe, 0x6c, 0x8a, 0xa9, 0x98, 0x52, 0x23, 0x53, 0xc3, 0x35, 0x4e, 0x6c, 0x9, 0x19, 0x97, 0xa9, 0xc3, 0x4, 0x5b, 0xee, 0x4f, 0x96, 0xb7, 0x3e, 0x2c, 0x85, 0x81, 0xd9, 0x33, 0x8c, 0x79, 0x6f, 0x9d, 0xb0, 0x35, 0x68, 0x3a, 0x2, 0x6d, 0x2a, 0x9e, 0xe5, 0xcc, 0x3f, 0xec, 0xe5, 0xb8, 0xb6, 0xf5, 0xc0, 0x8, 0xea, 0xca, 0x52, 0x12, 0x90, 0, 0x6b, 0x75, 0x6b]"
    },
    {
      "filePath": "\/Users\/runner\/work\/ios-secure\/ios-secure\/Sources\/ArkanaKeys.swift",
      "kind": "Array",
      "offset": 2137,
      "length": 324,
      "value": "[0x2f, 0x3b, 0xd7, 0xb9, 0x9a, 0x72, 0xb2, 0xa8, 0xe6, 0xb7, 0xfc, 0xc4, 0xd, 0xa5, 0x96, 0x50, 0x58, 0x93, 0x51, 0x36, 0x7a, 0x66, 0x93, 0x9f, 0xa8, 0xd1, 0xf8, 0x6f, 0x82, 0xa0, 0xcb, 0x45, 0x73, 0x52, 0x81, 0x6e, 0x40, 0x2d, 0x5a, 0x56, 0xa7, 0xf0, 0xc6, 0x3, 0x6, 0xa3, 0x9, 0xc9, 0xf5, 0x21, 0x73, 0xdc]"
    },
    {
      "filePath": "\/Users\/runner\/work\/ios-secure\/ios-secure\/Sources\/ArkanaKeys.swift",
      "kind": "Array",
      "offset": 2634,
      "length": 324,
      "value": "[0x28, 0x67, 0xc7, 0xb8, 0xcd, 0x25, 0xbe, 0xbe, 0xf9, 0xe5, 0xfd, 0x98, 0x5b, 0xa5, 0x9f, 0x53, 0x19, 0xce, 0x7, 0x35, 0x37, 0x3d, 0x9a, 0x96, 0xb5, 0x82, 0xfa, 0x3b, 0x8f, 0xe1, 0x9d, 0x56, 0x61, 0x2, 0xc9, 0x7f, 0x41, 0x2a, 0x1b, 0x53, 0xe2, 0xab, 0x83, 0x6, 0xa, 0xee, 0x49, 0xcf, 0xf7, 0x27, 0x74, 0xdb]"
    },
    {
      "filePath": "\/Users\/runner\/work\/ios-secure\/ios-secure\/Sources\/SmileIDCryptoManager.swift",
      "kind": "StringLiteral",
      "offset": 417,
      "length": 11,
      "value": "\"si_selfie\""
    },
    {
      "filePath": "\/Users\/runner\/work\/ios-secure\/ios-secure\/Sources\/SmileIDCryptoManager.swift",
      "kind": "StringLiteral",
      "offset": 449,
      "length": 13,
      "value": "\"si_liveness\""
    },
    {
      "filePath": "\/Users\/runner\/work\/ios-secure\/ios-secure\/Sources\/SmileIDCryptoManager.swift",
      "kind": "StringLiteral",
      "offset": 488,
      "length": 19,
      "value": "\"si_document_front\""
    },
    {
      "filePath": "\/Users\/runner\/work\/ios-secure\/ios-secure\/Sources\/SmileIDCryptoManager.swift",
      "kind": "StringLiteral",
      "offset": 532,
      "length": 18,
      "value": "\"si_document_back\""
    },
    {
      "filePath": "\/Users\/runner\/work\/ios-secure\/ios-secure\/Sources\/SmileIDCryptoManager.swift",
      "kind": "IntegerLiteral",
      "offset": 4124,
      "length": 2,
      "value": "32"
    },
    {
      "filePath": "\/Users\/runner\/work\/ios-secure\/ios-secure\/Sources\/SmileIDCryptoManager.swift",
      "kind": "IntegerLiteral",
      "offset": 4154,
      "length": 7,
      "value": "200000"
    }
  ]
}