{
  "ABIRoot": {
    "kind": "Root",
    "name": "TopLevel",
    "printedName": "TopLevel",
    "children": [
      {
        "kind": "Import",
        "name": "Foundation",
        "printedName": "Foundation",
        "declKind": "Import",
        "moduleName": "SmileIDSecurity",
        "declAttributes": [
          "RawDocComment"
        ]
      },
      {
        "kind": "TypeDecl",
        "name": "ArkanaKeys",
        "printedName": "ArkanaKeys",
        "children": [
          {
            "kind": "TypeDecl",
            "name": "Global",
            "printedName": "Global",
            "children": [
              {
                "kind": "Constructor",
                "name": "init",
                "printedName": "init()",
                "children": [
                  {
                    "kind": "TypeNominal",
                    "name": "Global",
                    "printedName": "SmileIDSecurity.ArkanaKeys.Global",
                    "usr": "s:15SmileIDSecurity10ArkanaKeysO6GlobalV"
                  }
                ],
                "declKind": "Constructor",
                "usr": "s:15SmileIDSecurity10ArkanaKeysO6GlobalVAEycfc",
                "mangledName": "$s15SmileIDSecurity10ArkanaKeysO6GlobalVAEycfc",
                "moduleName": "SmileIDSecurity",
                "declAttributes": [
                  "AccessControl"
                ],
                "init_kind": "Designated"
              },
              {
                "kind": "Var",
                "name": "sENTRY_DSN",
                "printedName": "sENTRY_DSN",
                "children": [
                  {
                    "kind": "TypeNominal",
                    "name": "String",
                    "printedName": "Swift.String",
                    "usr": "s:SS"
                  }
                ],
                "declKind": "Var",
                "usr": "s:15SmileIDSecurity10ArkanaKeysO6GlobalV10sENTRY_DSNSSvp",
                "mangledName": "$s15SmileIDSecurity10ArkanaKeysO6GlobalV10sENTRY_DSNSSvp",
                "moduleName": "SmileIDSecurity",
                "declAttributes": [
                  "HasInitialValue",
                  "HasStorage",
                  "AccessControl",
                  "Inline"
                ],
                "isLet": true,
                "hasStorage": true,
                "accessors": [
                  {
                    "kind": "Accessor",
                    "name": "Get",
                    "printedName": "Get()",
                    "children": [
                      {
                        "kind": "TypeNominal",
                        "name": "String",
                        "printedName": "Swift.String",
                        "usr": "s:SS"
                      }
                    ],
                    "declKind": "Accessor",
                    "usr": "s:15SmileIDSecurity10ArkanaKeysO6GlobalV10sENTRY_DSNSSvg",
                    "mangledName": "$s15SmileIDSecurity10ArkanaKeysO6GlobalV10sENTRY_DSNSSvg",
                    "moduleName": "SmileIDSecurity",
                    "implicit": true,
                    "accessorKind": "get"
                  }
                ]
              }
            ],
            "declKind": "Struct",
            "usr": "s:15SmileIDSecurity10ArkanaKeysO6GlobalV",
            "mangledName": "$s15SmileIDSecurity10ArkanaKeysO6GlobalV",
            "moduleName": "SmileIDSecurity",
            "isFromExtension": true,
            "conformances": [
              {
                "kind": "Conformance",
                "name": "ArkanaKeysGlobalProtocol",
                "printedName": "ArkanaKeysGlobalProtocol",
                "usr": "s:15SmileIDSecurity24ArkanaKeysGlobalProtocolP",
                "mangledName": "$s15SmileIDSecurity24ArkanaKeysGlobalProtocolP"
              }
            ]
          }
        ],
        "declKind": "Enum",
        "usr": "s:15SmileIDSecurity10ArkanaKeysO",
        "mangledName": "$s15SmileIDSecurity10ArkanaKeysO",
        "moduleName": "SmileIDSecurity",
        "declAttributes": [
          "AccessControl"
        ]
      },
      {
        "kind": "TypeDecl",
        "name": "ArkanaKeysGlobalProtocol",
        "printedName": "ArkanaKeysGlobalProtocol",
        "children": [
          {
            "kind": "Var",
            "name": "sENTRY_DSN",
            "printedName": "sENTRY_DSN",
            "children": [
              {
                "kind": "TypeNominal",
                "name": "String",
                "printedName": "Swift.String",
                "usr": "s:SS"
              }
            ],
            "declKind": "Var",
            "usr": "s:15SmileIDSecurity24ArkanaKeysGlobalProtocolP10sENTRY_DSNSSvp",
            "mangledName": "$s15SmileIDSecurity24ArkanaKeysGlobalProtocolP10sENTRY_DSNSSvp",
            "moduleName": "SmileIDSecurity",
            "protocolReq": true,
            "accessors": [
              {
                "kind": "Accessor",
                "name": "Get",
                "printedName": "Get()",
                "children": [
                  {
                    "kind": "TypeNominal",
                    "name": "String",
                    "printedName": "Swift.String",
                    "usr": "s:SS"
                  }
                ],
                "declKind": "Accessor",
                "usr": "s:15SmileIDSecurity24ArkanaKeysGlobalProtocolP10sENTRY_DSNSSvg",
                "mangledName": "$s15SmileIDSecurity24ArkanaKeysGlobalProtocolP10sENTRY_DSNSSvg",
                "moduleName": "SmileIDSecurity",
                "genericSig": "<τ_0_0 where τ_0_0 : SmileIDSecurity.ArkanaKeysGlobalProtocol>",
                "sugared_genericSig": "<Self where Self : SmileIDSecurity.ArkanaKeysGlobalProtocol>",
                "protocolReq": true,
                "reqNewWitnessTableEntry": true,
                "accessorKind": "get"
              }
            ]
          }
        ],
        "declKind": "Protocol",
        "usr": "s:15SmileIDSecurity24ArkanaKeysGlobalProtocolP",
        "mangledName": "$s15SmileIDSecurity24ArkanaKeysGlobalProtocolP",
        "moduleName": "SmileIDSecurity",
        "declAttributes": [
          "AccessControl"
        ]
      },
      {
        "kind": "Import",
        "name": "Foundation",
        "printedName": "Foundation",
        "declKind": "Import",
        "moduleName": "SmileIDSecurity"
      },
      {
        "kind": "Import",
        "name": "CryptoKit",
        "printedName": "CryptoKit",
        "declKind": "Import",
        "moduleName": "SmileIDSecurity"
      },
      {
        "kind": "Import",
        "name": "CommonCrypto",
        "printedName": "CommonCrypto",
        "declKind": "Import",
        "moduleName": "SmileIDSecurity"
      },
      {
        "kind": "TypeDecl",
        "name": "SmileIDCryptoError",
        "printedName": "SmileIDCryptoError",
        "children": [
          {
            "kind": "Var",
            "name": "deriveKeyError",
            "printedName": "deriveKeyError",
            "children": [
              {
                "kind": "TypeFunc",
                "name": "Function",
                "printedName": "(SmileIDSecurity.SmileIDCryptoError.Type) -> SmileIDSecurity.SmileIDCryptoError",
                "children": [
                  {
                    "kind": "TypeNominal",
                    "name": "SmileIDCryptoError",
                    "printedName": "SmileIDSecurity.SmileIDCryptoError",
                    "usr": "s:15SmileIDSecurity0A13IDCryptoErrorO"
                  },
                  {
                    "kind": "TypeNominal",
                    "name": "Metatype",
                    "printedName": "SmileIDSecurity.SmileIDCryptoError.Type",
                    "children": [
                      {
                        "kind": "TypeNominal",
                        "name": "SmileIDCryptoError",
                        "printedName": "SmileIDSecurity.SmileIDCryptoError",
                        "usr": "s:15SmileIDSecurity0A13IDCryptoErrorO"
                      }
                    ]
                  }
                ]
              }
            ],
            "declKind": "EnumElement",
            "usr": "s:15SmileIDSecurity0A13IDCryptoErrorO09deriveKeyD0yA2CmF",
            "mangledName": "$s15SmileIDSecurity0A13IDCryptoErrorO09deriveKeyD0yA2CmF",
            "moduleName": "SmileIDSecurity"
          },
          {
            "kind": "Var",
            "name": "encodingError",
            "printedName": "encodingError",
            "children": [
              {
                "kind": "TypeFunc",
                "name": "Function",
                "printedName": "(SmileIDSecurity.SmileIDCryptoError.Type) -> SmileIDSecurity.SmileIDCryptoError",
                "children": [
                  {
                    "kind": "TypeNominal",
                    "name": "SmileIDCryptoError",
                    "printedName": "SmileIDSecurity.SmileIDCryptoError",
                    "usr": "s:15SmileIDSecurity0A13IDCryptoErrorO"
                  },
                  {
                    "kind": "TypeNominal",
                    "name": "Metatype",
                    "printedName": "SmileIDSecurity.SmileIDCryptoError.Type",
                    "children": [
                      {
                        "kind": "TypeNominal",
                        "name": "SmileIDCryptoError",
                        "printedName": "SmileIDSecurity.SmileIDCryptoError",
                        "usr": "s:15SmileIDSecurity0A13IDCryptoErrorO"
                      }
                    ]
                  }
                ]
              }
            ],
            "declKind": "EnumElement",
            "usr": "s:15SmileIDSecurity0A13IDCryptoErrorO08encodingD0yA2CmF",
            "mangledName": "$s15SmileIDSecurity0A13IDCryptoErrorO08encodingD0yA2CmF",
            "moduleName": "SmileIDSecurity"
          },
          {
            "kind": "Var",
            "name": "cantReadSecretValueError",
            "printedName": "cantReadSecretValueError",
            "children": [
              {
                "kind": "TypeFunc",
                "name": "Function",
                "printedName": "(SmileIDSecurity.SmileIDCryptoError.Type) -> SmileIDSecurity.SmileIDCryptoError",
                "children": [
                  {
                    "kind": "TypeNominal",
                    "name": "SmileIDCryptoError",
                    "printedName": "SmileIDSecurity.SmileIDCryptoError",
                    "usr": "s:15SmileIDSecurity0A13IDCryptoErrorO"
                  },
                  {
                    "kind": "TypeNominal",
                    "name": "Metatype",
                    "printedName": "SmileIDSecurity.SmileIDCryptoError.Type",
                    "children": [
                      {
                        "kind": "TypeNominal",
                        "name": "SmileIDCryptoError",
                        "printedName": "SmileIDSecurity.SmileIDCryptoError",
                        "usr": "s:15SmileIDSecurity0A13IDCryptoErrorO"
                      }
                    ]
                  }
                ]
              }
            ],
            "declKind": "EnumElement",
            "usr": "s:15SmileIDSecurity0A13IDCryptoErrorO019cantReadSecretValueD0yA2CmF",
            "mangledName": "$s15SmileIDSecurity0A13IDCryptoErrorO019cantReadSecretValueD0yA2CmF",
            "moduleName": "SmileIDSecurity"
          },
          {
            "kind": "Function",
            "name": "==",
            "printedName": "==(_:_:)",
            "children": [
              {
                "kind": "TypeNominal",
                "name": "Bool",
                "printedName": "Swift.Bool",
                "usr": "s:Sb"
              },
              {
                "kind": "TypeNominal",
                "name": "SmileIDCryptoError",
                "printedName": "SmileIDSecurity.SmileIDCryptoError",
                "usr": "s:15SmileIDSecurity0A13IDCryptoErrorO"
              },
              {
                "kind": "TypeNominal",
                "name": "SmileIDCryptoError",
                "printedName": "SmileIDSecurity.SmileIDCryptoError",
                "usr": "s:15SmileIDSecurity0A13IDCryptoErrorO"
              }
            ],
            "declKind": "Func",
            "usr": "s:15SmileIDSecurity0A13IDCryptoErrorO2eeoiySbAC_ACtFZ",
            "mangledName": "$s15SmileIDSecurity0A13IDCryptoErrorO2eeoiySbAC_ACtFZ",
            "moduleName": "SmileIDSecurity",
            "static": true,
            "implicit": true,
            "funcSelfKind": "NonMutating"
          },
          {
            "kind": "Var",
            "name": "hashValue",
            "printedName": "hashValue",
            "children": [
              {
                "kind": "TypeNominal",
                "name": "Int",
                "printedName": "Swift.Int",
                "usr": "s:Si"
              }
            ],
            "declKind": "Var",
            "usr": "s:15SmileIDSecurity0A13IDCryptoErrorO9hashValueSivp",
            "mangledName": "$s15SmileIDSecurity0A13IDCryptoErrorO9hashValueSivp",
            "moduleName": "SmileIDSecurity",
            "implicit": true,
            "accessors": [
              {
                "kind": "Accessor",
                "name": "Get",
                "printedName": "Get()",
                "children": [
                  {
                    "kind": "TypeNominal",
                    "name": "Int",
                    "printedName": "Swift.Int",
                    "usr": "s:Si"
                  }
                ],
                "declKind": "Accessor",
                "usr": "s:15SmileIDSecurity0A13IDCryptoErrorO9hashValueSivg",
                "mangledName": "$s15SmileIDSecurity0A13IDCryptoErrorO9hashValueSivg",
                "moduleName": "SmileIDSecurity",
                "implicit": true,
                "accessorKind": "get"
              }
            ]
          },
          {
            "kind": "Function",
            "name": "hash",
            "printedName": "hash(into:)",
            "children": [
              {
                "kind": "TypeNominal",
                "name": "Void",
                "printedName": "()"
              },
              {
                "kind": "TypeNominal",
                "name": "Hasher",
                "printedName": "Swift.Hasher",
                "paramValueOwnership": "InOut",
                "usr": "s:s6HasherV"
              }
            ],
            "declKind": "Func",
            "usr": "s:15SmileIDSecurity0A13IDCryptoErrorO4hash4intoys6HasherVz_tF",
            "mangledName": "$s15SmileIDSecurity0A13IDCryptoErrorO4hash4intoys6HasherVz_tF",
            "moduleName": "SmileIDSecurity",
            "implicit": true,
            "funcSelfKind": "NonMutating"
          }
        ],
        "declKind": "Enum",
        "usr": "s:15SmileIDSecurity0A13IDCryptoErrorO",
        "mangledName": "$s15SmileIDSecurity0A13IDCryptoErrorO",
        "moduleName": "SmileIDSecurity",
        "declAttributes": [
          "AccessControl",
          "RawDocComment"
        ],
        "conformances": [
          {
            "kind": "Conformance",
            "name": "Equatable",
            "printedName": "Equatable",
            "usr": "s:SQ",
            "mangledName": "$sSQ"
          },
          {
            "kind": "Conformance",
            "name": "Hashable",
            "printedName": "Hashable",
            "usr": "s:SH",
            "mangledName": "$sSH"
          },
          {
            "kind": "Conformance",
            "name": "Error",
            "printedName": "Error",
            "usr": "s:s5ErrorP",
            "mangledName": "$ss5ErrorP"
          },
          {
            "kind": "Conformance",
            "name": "Sendable",
            "printedName": "Sendable",
            "usr": "s:s8SendableP",
            "mangledName": "$ss8SendableP"
          }
        ]
      },
      {
        "kind": "TypeDecl",
        "name": "SmileIDCryptoManager",
        "printedName": "SmileIDCryptoManager",
        "children": [
          {
            "kind": "Var",
            "name": "shared",
            "printedName": "shared",
            "children": [
              {
                "kind": "TypeNominal",
                "name": "SmileIDCryptoManager",
                "printedName": "SmileIDSecurity.SmileIDCryptoManager",
                "usr": "s:15SmileIDSecurity0A15IDCryptoManagerC"
              }
            ],
            "declKind": "Var",
            "usr": "s:15SmileIDSecurity0A15IDCryptoManagerC6sharedACvpZ",
            "mangledName": "$s15SmileIDSecurity0A15IDCryptoManagerC6sharedACvpZ",
            "moduleName": "SmileIDSecurity",
            "static": true,
            "declAttributes": [
              "HasInitialValue",
              "Final",
              "HasStorage",
              "AccessControl",
              "RawDocComment"
            ],
            "isLet": true,
            "hasStorage": true,
            "accessors": [
              {
                "kind": "Accessor",
                "name": "Get",
                "printedName": "Get()",
                "children": [
                  {
                    "kind": "TypeNominal",
                    "name": "SmileIDCryptoManager",
                    "printedName": "SmileIDSecurity.SmileIDCryptoManager",
                    "usr": "s:15SmileIDSecurity0A15IDCryptoManagerC"
                  }
                ],
                "declKind": "Accessor",
                "usr": "s:15SmileIDSecurity0A15IDCryptoManagerC6sharedACvgZ",
                "mangledName": "$s15SmileIDSecurity0A15IDCryptoManagerC6sharedACvgZ",
                "moduleName": "SmileIDSecurity",
                "static": true,
                "implicit": true,
                "declAttributes": [
                  "Final"
                ],
                "accessorKind": "get"
              }
            ]
          },
          {
            "kind": "Function",
            "name": "sign",
            "printedName": "sign(timestamp:files:)",
            "children": [
              {
                "kind": "TypeNominal",
                "name": "String",
                "printedName": "Swift.String",
                "usr": "s:SS"
              },
              {
                "kind": "TypeNominal",
                "name": "String",
                "printedName": "Swift.String",
                "usr": "s:SS"
              },
              {
                "kind": "TypeNominal",
                "name": "Array",
                "printedName": "[Foundation.URL]",
                "children": [
                  {
                    "kind": "TypeNominal",
                    "name": "URL",
                    "printedName": "Foundation.URL",
                    "usr": "s:10Foundation3URLV"
                  }
                ],
                "usr": "s:Sa"
              }
            ],
            "declKind": "Func",
            "usr": "s:15SmileIDSecurity0A15IDCryptoManagerC4sign9timestamp5filesS2S_Say10Foundation3URLVGtKF",
            "mangledName": "$s15SmileIDSecurity0A15IDCryptoManagerC4sign9timestamp5filesS2S_Say10Foundation3URLVGtKF",
            "moduleName": "SmileIDSecurity",
            "declAttributes": [
              "AccessControl",
              "RawDocComment"
            ],
            "throwing": true,
            "funcSelfKind": "NonMutating"
          },
          {
            "kind": "Function",
            "name": "sign",
            "printedName": "sign(timestamp:headers:payload:)",
            "children": [
              {
                "kind": "TypeNominal",
                "name": "String",
                "printedName": "Swift.String",
                "usr": "s:SS"
              },
              {
                "kind": "TypeNominal",
                "name": "String",
                "printedName": "Swift.String",
                "usr": "s:SS"
              },
              {
                "kind": "TypeNominal",
                "name": "Optional",
                "printedName": "[Swift.String : Swift.String]?",
                "children": [
                  {
                    "kind": "TypeNominal",
                    "name": "Dictionary",
                    "printedName": "[Swift.String : Swift.String]",
                    "children": [
                      {
                        "kind": "TypeNominal",
                        "name": "String",
                        "printedName": "Swift.String",
                        "usr": "s:SS"
                      },
                      {
                        "kind": "TypeNominal",
                        "name": "String",
                        "printedName": "Swift.String",
                        "usr": "s:SS"
                      }
                    ],
                    "usr": "s:SD"
                  }
                ],
                "hasDefaultArg": true,
                "usr": "s:Sq"
              },
              {
                "kind": "TypeNominal",
                "name": "Optional",
                "printedName": "Foundation.Data?",
                "children": [
                  {
                    "kind": "TypeNominal",
                    "name": "Data",
                    "printedName": "Foundation.Data",
                    "usr": "s:10Foundation4DataV"
                  }
                ],
                "hasDefaultArg": true,
                "usr": "s:Sq"
              }
            ],
            "declKind": "Func",
            "usr": "s:15SmileIDSecurity0A15IDCryptoManagerC4sign9timestamp7headers7payloadS2S_SDyS2SGSg10Foundation4DataVSgtKF",
            "mangledName": "$s15SmileIDSecurity0A15IDCryptoManagerC4sign9timestamp7headers7payloadS2S_SDyS2SGSg10Foundation4DataVSgtKF",
            "moduleName": "SmileIDSecurity",
            "declAttributes": [
              "AccessControl",
              "RawDocComment"
            ],
            "throwing": true,
            "funcSelfKind": "NonMutating"
          }
        ],
        "declKind": "Class",
        "usr": "s:15SmileIDSecurity0A15IDCryptoManagerC",
        "mangledName": "$s15SmileIDSecurity0A15IDCryptoManagerC",
        "moduleName": "SmileIDSecurity",
        "declAttributes": [
          "AccessControl",
          "RawDocComment"
        ],
        "hasMissingDesignatedInitializers": true
      }
    ],
    "json_format_version": 8
  },
  "ConstValues": [
    {
      "filePath": "\/Users\/runner\/work\/ios-secure\/ios-secure\/Sources\/ArkanaKeys.swift",
      "kind": "Array",
      "offset": 198,
      "length": 385,
      "value": "[0x17, 0x93, 0xf7, 0x85, 0x20, 0xd4, 0xc4, 0x8, 0xc6, 0x61, 0x74, 0xf0, 0x2, 0xf5, 0x34, 0x79, 0xb3, 0x4, 0x9f, 0xfd, 0x22, 0x1f, 0xda, 0xe3, 0xd7, 0xdb, 0x9a, 0x9c, 0x2e, 0x4, 0xf, 0xe6, 0x1e, 0xf9, 0x7, 0x29, 0x32, 0x8d, 0x42, 0xa6, 0xf8, 0xe, 0xfe, 0xc4, 0xb8, 0xe6, 0x60, 0xd5, 0x89, 0x2a, 0x35, 0x19, 0xf7, 0xfb, 0xe9, 0xfc, 0x3c, 0x2b, 0x96, 0xc3, 0xdc, 0x46, 0x38, 0x6f]"
    },
    {
      "filePath": "\/Users\/runner\/work\/ios-secure\/ios-secure\/Sources\/ArkanaKeys.swift",
      "kind": "Array",
      "offset": 1339,
      "length": 528,
      "value": "[0x7f, 0xe7, 0x83, 0xf5, 0x53, 0xee, 0xeb, 0x27, 0xa2, 0x59, 0x45, 0x93, 0x36, 0xc1, 0x2, 0x48, 0x84, 0x3c, 0xa6, 0xc4, 0x16, 0x7b, 0xbb, 0x82, 0xb6, 0xee, 0xa8, 0xfd, 0x48, 0x34, 0x3a, 0x87, 0x26, 0x9b, 0x34, 0x19, 0x5, 0xbf, 0x20, 0x9f, 0xb8, 0x61, 0xcf, 0xf5, 0x8d, 0xd2, 0x51, 0xed, 0xbf, 0x4, 0x5c, 0x77, 0x90, 0x9e, 0x9a, 0x88, 0x12, 0x5e, 0xe5, 0xed, 0xaf, 0x23, 0x56, 0x1b, 0x65, 0xea, 0xd9, 0xec, 0x4f, 0xfb, 0xf0, 0x3d, 0xf6, 0x55, 0x45, 0xc6, 0x30, 0xcc, 0x3, 0x48, 0x80, 0x31, 0xac, 0xcd, 0x1a, 0x27]"
    },
    {
      "filePath": "\/Users\/runner\/work\/ios-secure\/ios-secure\/Sources\/ArkanaKeys.swift",
      "kind": "Array",
      "offset": 2138,
      "length": 326,
      "value": "[0x21, 0xe9, 0xc3, 0xe7, 0x42, 0xe4, 0xbd, 0x7f, 0xab, 0x10, 0x4c, 0x97, 0x3b, 0x87, 0x5a, 0xe, 0xc3, 0x69, 0xeb, 0xcf, 0x50, 0x79, 0xb4, 0x9a, 0xb2, 0xeb, 0xaa, 0xa8, 0x4c, 0x34, 0x64, 0xd6, 0x70, 0xc1, 0x73, 0x4e, 0xb, 0xe8, 0x26, 0xd2, 0x8c, 0x6c, 0xcd, 0xa2, 0xdc, 0xd1, 0x18, 0xb8, 0xf9, 0x5b, 0x58, 0x2d]"
    },
    {
      "filePath": "\/Users\/runner\/work\/ios-secure\/ios-secure\/Sources\/ArkanaKeys.swift",
      "kind": "Array",
      "offset": 2637,
      "length": 324,
      "value": "[0x21, 0xfe, 0xc3, 0xb1, 0x16, 0xae, 0xaa, 0x39, 0xbe, 0x2, 0x4d, 0x95, 0x73, 0x86, 0x42, 0xf, 0xc1, 0x33, 0xe9, 0x9f, 0x11, 0x79, 0xbb, 0x82, 0xb4, 0xee, 0xaa, 0xf2, 0x1d, 0x72, 0x3d, 0x8d, 0x2e, 0x8a, 0x76, 0x1e, 0xb, 0xf9, 0x77, 0xd0, 0x96, 0x77, 0xcf, 0xfd, 0xdb, 0x87, 0x8, 0xa4, 0xff, 0x44, 0x5f, 0x68]"
    },
    {
      "filePath": "\/Users\/runner\/work\/ios-secure\/ios-secure\/Sources\/SmileIDCryptoManager.swift",
      "kind": "StringLiteral",
      "offset": 417,
      "length": 11,
      "value": "\"si_selfie\""
    },
    {
      "filePath": "\/Users\/runner\/work\/ios-secure\/ios-secure\/Sources\/SmileIDCryptoManager.swift",
      "kind": "StringLiteral",
      "offset": 449,
      "length": 13,
      "value": "\"si_liveness\""
    },
    {
      "filePath": "\/Users\/runner\/work\/ios-secure\/ios-secure\/Sources\/SmileIDCryptoManager.swift",
      "kind": "StringLiteral",
      "offset": 488,
      "length": 19,
      "value": "\"si_document_front\""
    },
    {
      "filePath": "\/Users\/runner\/work\/ios-secure\/ios-secure\/Sources\/SmileIDCryptoManager.swift",
      "kind": "StringLiteral",
      "offset": 532,
      "length": 18,
      "value": "\"si_document_back\""
    },
    {
      "filePath": "\/Users\/runner\/work\/ios-secure\/ios-secure\/Sources\/SmileIDCryptoManager.swift",
      "kind": "StringLiteral",
      "offset": 417,
      "length": 11,
      "value": "\"si_selfie\""
    },
    {
      "filePath": "\/Users\/runner\/work\/ios-secure\/ios-secure\/Sources\/SmileIDCryptoManager.swift",
      "kind": "StringLiteral",
      "offset": 449,
      "length": 13,
      "value": "\"si_liveness\""
    },
    {
      "filePath": "\/Users\/runner\/work\/ios-secure\/ios-secure\/Sources\/SmileIDCryptoManager.swift",
      "kind": "StringLiteral",
      "offset": 488,
      "length": 19,
      "value": "\"si_document_front\""
    },
    {
      "filePath": "\/Users\/runner\/work\/ios-secure\/ios-secure\/Sources\/SmileIDCryptoManager.swift",
      "kind": "StringLiteral",
      "offset": 532,
      "length": 18,
      "value": "\"si_document_back\""
    },
    {
      "filePath": "\/Users\/runner\/work\/ios-secure\/ios-secure\/Sources\/SmileIDCryptoManager.swift",
      "kind": "StringLiteral",
      "offset": 2727,
      "length": 10,
      "value": "\"smileid-\""
    },
    {
      "filePath": "\/Users\/runner\/work\/ios-secure\/ios-secure\/Sources\/SmileIDCryptoManager.swift",
      "kind": "IntegerLiteral",
      "offset": 4124,
      "length": 2,
      "value": "32"
    },
    {
      "filePath": "\/Users\/runner\/work\/ios-secure\/ios-secure\/Sources\/SmileIDCryptoManager.swift",
      "kind": "IntegerLiteral",
      "offset": 4154,
      "length": 7,
      "value": "200000"
    },
    {
      "filePath": "\/Users\/runner\/work\/ios-secure\/ios-secure\/Sources\/SmileIDCryptoManager.swift",
      "kind": "IntegerLiteral",
      "offset": 4364,
      "length": 1,
      "value": "0"
    }
  ]
}