{
  "ABIRoot": {
    "kind": "Root",
    "name": "TopLevel",
    "printedName": "TopLevel",
    "children": [
      {
        "kind": "Import",
        "name": "Foundation",
        "printedName": "Foundation",
        "declKind": "Import",
        "moduleName": "SmileIDSecurity",
        "declAttributes": [
          "RawDocComment"
        ]
      },
      {
        "kind": "TypeDecl",
        "name": "ArkanaKeys",
        "printedName": "ArkanaKeys",
        "children": [
          {
            "kind": "TypeDecl",
            "name": "Global",
            "printedName": "Global",
            "children": [
              {
                "kind": "Constructor",
                "name": "init",
                "printedName": "init()",
                "children": [
                  {
                    "kind": "TypeNominal",
                    "name": "Global",
                    "printedName": "SmileIDSecurity.ArkanaKeys.Global",
                    "usr": "s:15SmileIDSecurity10ArkanaKeysO6GlobalV"
                  }
                ],
                "declKind": "Constructor",
                "usr": "s:15SmileIDSecurity10ArkanaKeysO6GlobalVAEycfc",
                "mangledName": "$s15SmileIDSecurity10ArkanaKeysO6GlobalVAEycfc",
                "moduleName": "SmileIDSecurity",
                "declAttributes": [
                  "AccessControl"
                ],
                "init_kind": "Designated"
              },
              {
                "kind": "Var",
                "name": "sENTRY_DSN",
                "printedName": "sENTRY_DSN",
                "children": [
                  {
                    "kind": "TypeNominal",
                    "name": "String",
                    "printedName": "Swift.String",
                    "usr": "s:SS"
                  }
                ],
                "declKind": "Var",
                "usr": "s:15SmileIDSecurity10ArkanaKeysO6GlobalV10sENTRY_DSNSSvp",
                "mangledName": "$s15SmileIDSecurity10ArkanaKeysO6GlobalV10sENTRY_DSNSSvp",
                "moduleName": "SmileIDSecurity",
                "declAttributes": [
                  "HasInitialValue",
                  "HasStorage",
                  "AccessControl",
                  "Inline"
                ],
                "isLet": true,
                "hasStorage": true,
                "accessors": [
                  {
                    "kind": "Accessor",
                    "name": "Get",
                    "printedName": "Get()",
                    "children": [
                      {
                        "kind": "TypeNominal",
                        "name": "String",
                        "printedName": "Swift.String",
                        "usr": "s:SS"
                      }
                    ],
                    "declKind": "Accessor",
                    "usr": "s:15SmileIDSecurity10ArkanaKeysO6GlobalV10sENTRY_DSNSSvg",
                    "mangledName": "$s15SmileIDSecurity10ArkanaKeysO6GlobalV10sENTRY_DSNSSvg",
                    "moduleName": "SmileIDSecurity",
                    "implicit": true,
                    "accessorKind": "get"
                  }
                ]
              }
            ],
            "declKind": "Struct",
            "usr": "s:15SmileIDSecurity10ArkanaKeysO6GlobalV",
            "mangledName": "$s15SmileIDSecurity10ArkanaKeysO6GlobalV",
            "moduleName": "SmileIDSecurity",
            "isFromExtension": true,
            "conformances": [
              {
                "kind": "Conformance",
                "name": "ArkanaKeysGlobalProtocol",
                "printedName": "ArkanaKeysGlobalProtocol",
                "usr": "s:15SmileIDSecurity24ArkanaKeysGlobalProtocolP",
                "mangledName": "$s15SmileIDSecurity24ArkanaKeysGlobalProtocolP"
              }
            ]
          }
        ],
        "declKind": "Enum",
        "usr": "s:15SmileIDSecurity10ArkanaKeysO",
        "mangledName": "$s15SmileIDSecurity10ArkanaKeysO",
        "moduleName": "SmileIDSecurity",
        "declAttributes": [
          "AccessControl"
        ]
      },
      {
        "kind": "TypeDecl",
        "name": "ArkanaKeysGlobalProtocol",
        "printedName": "ArkanaKeysGlobalProtocol",
        "children": [
          {
            "kind": "Var",
            "name": "sENTRY_DSN",
            "printedName": "sENTRY_DSN",
            "children": [
              {
                "kind": "TypeNominal",
                "name": "String",
                "printedName": "Swift.String",
                "usr": "s:SS"
              }
            ],
            "declKind": "Var",
            "usr": "s:15SmileIDSecurity24ArkanaKeysGlobalProtocolP10sENTRY_DSNSSvp",
            "mangledName": "$s15SmileIDSecurity24ArkanaKeysGlobalProtocolP10sENTRY_DSNSSvp",
            "moduleName": "SmileIDSecurity",
            "protocolReq": true,
            "accessors": [
              {
                "kind": "Accessor",
                "name": "Get",
                "printedName": "Get()",
                "children": [
                  {
                    "kind": "TypeNominal",
                    "name": "String",
                    "printedName": "Swift.String",
                    "usr": "s:SS"
                  }
                ],
                "declKind": "Accessor",
                "usr": "s:15SmileIDSecurity24ArkanaKeysGlobalProtocolP10sENTRY_DSNSSvg",
                "mangledName": "$s15SmileIDSecurity24ArkanaKeysGlobalProtocolP10sENTRY_DSNSSvg",
                "moduleName": "SmileIDSecurity",
                "genericSig": "<τ_0_0 where τ_0_0 : SmileIDSecurity.ArkanaKeysGlobalProtocol>",
                "sugared_genericSig": "<Self where Self : SmileIDSecurity.ArkanaKeysGlobalProtocol>",
                "protocolReq": true,
                "reqNewWitnessTableEntry": true,
                "accessorKind": "get"
              }
            ]
          }
        ],
        "declKind": "Protocol",
        "usr": "s:15SmileIDSecurity24ArkanaKeysGlobalProtocolP",
        "mangledName": "$s15SmileIDSecurity24ArkanaKeysGlobalProtocolP",
        "moduleName": "SmileIDSecurity",
        "declAttributes": [
          "AccessControl"
        ]
      },
      {
        "kind": "Import",
        "name": "Foundation",
        "printedName": "Foundation",
        "declKind": "Import",
        "moduleName": "SmileIDSecurity"
      },
      {
        "kind": "Import",
        "name": "CryptoKit",
        "printedName": "CryptoKit",
        "declKind": "Import",
        "moduleName": "SmileIDSecurity"
      },
      {
        "kind": "Import",
        "name": "CommonCrypto",
        "printedName": "CommonCrypto",
        "declKind": "Import",
        "moduleName": "SmileIDSecurity"
      },
      {
        "kind": "TypeDecl",
        "name": "SmileIDCryptoError",
        "printedName": "SmileIDCryptoError",
        "children": [
          {
            "kind": "Var",
            "name": "deriveKeyError",
            "printedName": "deriveKeyError",
            "children": [
              {
                "kind": "TypeFunc",
                "name": "Function",
                "printedName": "(SmileIDSecurity.SmileIDCryptoError.Type) -> SmileIDSecurity.SmileIDCryptoError",
                "children": [
                  {
                    "kind": "TypeNominal",
                    "name": "SmileIDCryptoError",
                    "printedName": "SmileIDSecurity.SmileIDCryptoError",
                    "usr": "s:15SmileIDSecurity0A13IDCryptoErrorO"
                  },
                  {
                    "kind": "TypeNominal",
                    "name": "Metatype",
                    "printedName": "SmileIDSecurity.SmileIDCryptoError.Type",
                    "children": [
                      {
                        "kind": "TypeNominal",
                        "name": "SmileIDCryptoError",
                        "printedName": "SmileIDSecurity.SmileIDCryptoError",
                        "usr": "s:15SmileIDSecurity0A13IDCryptoErrorO"
                      }
                    ]
                  }
                ]
              }
            ],
            "declKind": "EnumElement",
            "usr": "s:15SmileIDSecurity0A13IDCryptoErrorO09deriveKeyD0yA2CmF",
            "mangledName": "$s15SmileIDSecurity0A13IDCryptoErrorO09deriveKeyD0yA2CmF",
            "moduleName": "SmileIDSecurity"
          },
          {
            "kind": "Var",
            "name": "encodingError",
            "printedName": "encodingError",
            "children": [
              {
                "kind": "TypeFunc",
                "name": "Function",
                "printedName": "(SmileIDSecurity.SmileIDCryptoError.Type) -> SmileIDSecurity.SmileIDCryptoError",
                "children": [
                  {
                    "kind": "TypeNominal",
                    "name": "SmileIDCryptoError",
                    "printedName": "SmileIDSecurity.SmileIDCryptoError",
                    "usr": "s:15SmileIDSecurity0A13IDCryptoErrorO"
                  },
                  {
                    "kind": "TypeNominal",
                    "name": "Metatype",
                    "printedName": "SmileIDSecurity.SmileIDCryptoError.Type",
                    "children": [
                      {
                        "kind": "TypeNominal",
                        "name": "SmileIDCryptoError",
                        "printedName": "SmileIDSecurity.SmileIDCryptoError",
                        "usr": "s:15SmileIDSecurity0A13IDCryptoErrorO"
                      }
                    ]
                  }
                ]
              }
            ],
            "declKind": "EnumElement",
            "usr": "s:15SmileIDSecurity0A13IDCryptoErrorO08encodingD0yA2CmF",
            "mangledName": "$s15SmileIDSecurity0A13IDCryptoErrorO08encodingD0yA2CmF",
            "moduleName": "SmileIDSecurity"
          },
          {
            "kind": "Var",
            "name": "cantReadSecretValueError",
            "printedName": "cantReadSecretValueError",
            "children": [
              {
                "kind": "TypeFunc",
                "name": "Function",
                "printedName": "(SmileIDSecurity.SmileIDCryptoError.Type) -> SmileIDSecurity.SmileIDCryptoError",
                "children": [
                  {
                    "kind": "TypeNominal",
                    "name": "SmileIDCryptoError",
                    "printedName": "SmileIDSecurity.SmileIDCryptoError",
                    "usr": "s:15SmileIDSecurity0A13IDCryptoErrorO"
                  },
                  {
                    "kind": "TypeNominal",
                    "name": "Metatype",
                    "printedName": "SmileIDSecurity.SmileIDCryptoError.Type",
                    "children": [
                      {
                        "kind": "TypeNominal",
                        "name": "SmileIDCryptoError",
                        "printedName": "SmileIDSecurity.SmileIDCryptoError",
                        "usr": "s:15SmileIDSecurity0A13IDCryptoErrorO"
                      }
                    ]
                  }
                ]
              }
            ],
            "declKind": "EnumElement",
            "usr": "s:15SmileIDSecurity0A13IDCryptoErrorO019cantReadSecretValueD0yA2CmF",
            "mangledName": "$s15SmileIDSecurity0A13IDCryptoErrorO019cantReadSecretValueD0yA2CmF",
            "moduleName": "SmileIDSecurity"
          },
          {
            "kind": "Function",
            "name": "==",
            "printedName": "==(_:_:)",
            "children": [
              {
                "kind": "TypeNominal",
                "name": "Bool",
                "printedName": "Swift.Bool",
                "usr": "s:Sb"
              },
              {
                "kind": "TypeNominal",
                "name": "SmileIDCryptoError",
                "printedName": "SmileIDSecurity.SmileIDCryptoError",
                "usr": "s:15SmileIDSecurity0A13IDCryptoErrorO"
              },
              {
                "kind": "TypeNominal",
                "name": "SmileIDCryptoError",
                "printedName": "SmileIDSecurity.SmileIDCryptoError",
                "usr": "s:15SmileIDSecurity0A13IDCryptoErrorO"
              }
            ],
            "declKind": "Func",
            "usr": "s:15SmileIDSecurity0A13IDCryptoErrorO2eeoiySbAC_ACtFZ",
            "mangledName": "$s15SmileIDSecurity0A13IDCryptoErrorO2eeoiySbAC_ACtFZ",
            "moduleName": "SmileIDSecurity",
            "static": true,
            "implicit": true,
            "funcSelfKind": "NonMutating"
          },
          {
            "kind": "Var",
            "name": "hashValue",
            "printedName": "hashValue",
            "children": [
              {
                "kind": "TypeNominal",
                "name": "Int",
                "printedName": "Swift.Int",
                "usr": "s:Si"
              }
            ],
            "declKind": "Var",
            "usr": "s:15SmileIDSecurity0A13IDCryptoErrorO9hashValueSivp",
            "mangledName": "$s15SmileIDSecurity0A13IDCryptoErrorO9hashValueSivp",
            "moduleName": "SmileIDSecurity",
            "implicit": true,
            "accessors": [
              {
                "kind": "Accessor",
                "name": "Get",
                "printedName": "Get()",
                "children": [
                  {
                    "kind": "TypeNominal",
                    "name": "Int",
                    "printedName": "Swift.Int",
                    "usr": "s:Si"
                  }
                ],
                "declKind": "Accessor",
                "usr": "s:15SmileIDSecurity0A13IDCryptoErrorO9hashValueSivg",
                "mangledName": "$s15SmileIDSecurity0A13IDCryptoErrorO9hashValueSivg",
                "moduleName": "SmileIDSecurity",
                "implicit": true,
                "accessorKind": "get"
              }
            ]
          },
          {
            "kind": "Function",
            "name": "hash",
            "printedName": "hash(into:)",
            "children": [
              {
                "kind": "TypeNominal",
                "name": "Void",
                "printedName": "()"
              },
              {
                "kind": "TypeNominal",
                "name": "Hasher",
                "printedName": "Swift.Hasher",
                "paramValueOwnership": "InOut",
                "usr": "s:s6HasherV"
              }
            ],
            "declKind": "Func",
            "usr": "s:15SmileIDSecurity0A13IDCryptoErrorO4hash4intoys6HasherVz_tF",
            "mangledName": "$s15SmileIDSecurity0A13IDCryptoErrorO4hash4intoys6HasherVz_tF",
            "moduleName": "SmileIDSecurity",
            "implicit": true,
            "funcSelfKind": "NonMutating"
          }
        ],
        "declKind": "Enum",
        "usr": "s:15SmileIDSecurity0A13IDCryptoErrorO",
        "mangledName": "$s15SmileIDSecurity0A13IDCryptoErrorO",
        "moduleName": "SmileIDSecurity",
        "declAttributes": [
          "AccessControl",
          "RawDocComment"
        ],
        "conformances": [
          {
            "kind": "Conformance",
            "name": "Equatable",
            "printedName": "Equatable",
            "usr": "s:SQ",
            "mangledName": "$sSQ"
          },
          {
            "kind": "Conformance",
            "name": "Hashable",
            "printedName": "Hashable",
            "usr": "s:SH",
            "mangledName": "$sSH"
          },
          {
            "kind": "Conformance",
            "name": "Error",
            "printedName": "Error",
            "usr": "s:s5ErrorP",
            "mangledName": "$ss5ErrorP"
          },
          {
            "kind": "Conformance",
            "name": "Sendable",
            "printedName": "Sendable",
            "usr": "s:s8SendableP",
            "mangledName": "$ss8SendableP"
          }
        ]
      },
      {
        "kind": "TypeDecl",
        "name": "SmileIDCryptoManager",
        "printedName": "SmileIDCryptoManager",
        "children": [
          {
            "kind": "Var",
            "name": "shared",
            "printedName": "shared",
            "children": [
              {
                "kind": "TypeNominal",
                "name": "SmileIDCryptoManager",
                "printedName": "SmileIDSecurity.SmileIDCryptoManager",
                "usr": "s:15SmileIDSecurity0A15IDCryptoManagerC"
              }
            ],
            "declKind": "Var",
            "usr": "s:15SmileIDSecurity0A15IDCryptoManagerC6sharedACvpZ",
            "mangledName": "$s15SmileIDSecurity0A15IDCryptoManagerC6sharedACvpZ",
            "moduleName": "SmileIDSecurity",
            "static": true,
            "declAttributes": [
              "HasInitialValue",
              "Final",
              "HasStorage",
              "AccessControl",
              "RawDocComment"
            ],
            "isLet": true,
            "hasStorage": true,
            "accessors": [
              {
                "kind": "Accessor",
                "name": "Get",
                "printedName": "Get()",
                "children": [
                  {
                    "kind": "TypeNominal",
                    "name": "SmileIDCryptoManager",
                    "printedName": "SmileIDSecurity.SmileIDCryptoManager",
                    "usr": "s:15SmileIDSecurity0A15IDCryptoManagerC"
                  }
                ],
                "declKind": "Accessor",
                "usr": "s:15SmileIDSecurity0A15IDCryptoManagerC6sharedACvgZ",
                "mangledName": "$s15SmileIDSecurity0A15IDCryptoManagerC6sharedACvgZ",
                "moduleName": "SmileIDSecurity",
                "static": true,
                "implicit": true,
                "declAttributes": [
                  "Final"
                ],
                "accessorKind": "get"
              }
            ]
          },
          {
            "kind": "Function",
            "name": "sign",
            "printedName": "sign(timestamp:files:)",
            "children": [
              {
                "kind": "TypeNominal",
                "name": "String",
                "printedName": "Swift.String",
                "usr": "s:SS"
              },
              {
                "kind": "TypeNominal",
                "name": "String",
                "printedName": "Swift.String",
                "usr": "s:SS"
              },
              {
                "kind": "TypeNominal",
                "name": "Array",
                "printedName": "[Foundation.URL]",
                "children": [
                  {
                    "kind": "TypeNominal",
                    "name": "URL",
                    "printedName": "Foundation.URL",
                    "usr": "s:10Foundation3URLV"
                  }
                ],
                "usr": "s:Sa"
              }
            ],
            "declKind": "Func",
            "usr": "s:15SmileIDSecurity0A15IDCryptoManagerC4sign9timestamp5filesS2S_Say10Foundation3URLVGtKF",
            "mangledName": "$s15SmileIDSecurity0A15IDCryptoManagerC4sign9timestamp5filesS2S_Say10Foundation3URLVGtKF",
            "moduleName": "SmileIDSecurity",
            "declAttributes": [
              "AccessControl",
              "RawDocComment"
            ],
            "throwing": true,
            "funcSelfKind": "NonMutating"
          },
          {
            "kind": "Function",
            "name": "sign",
            "printedName": "sign(timestamp:headers:payload:)",
            "children": [
              {
                "kind": "TypeNominal",
                "name": "String",
                "printedName": "Swift.String",
                "usr": "s:SS"
              },
              {
                "kind": "TypeNominal",
                "name": "String",
                "printedName": "Swift.String",
                "usr": "s:SS"
              },
              {
                "kind": "TypeNominal",
                "name": "Optional",
                "printedName": "[Swift.String : Swift.String]?",
                "children": [
                  {
                    "kind": "TypeNominal",
                    "name": "Dictionary",
                    "printedName": "[Swift.String : Swift.String]",
                    "children": [
                      {
                        "kind": "TypeNominal",
                        "name": "String",
                        "printedName": "Swift.String",
                        "usr": "s:SS"
                      },
                      {
                        "kind": "TypeNominal",
                        "name": "String",
                        "printedName": "Swift.String",
                        "usr": "s:SS"
                      }
                    ],
                    "usr": "s:SD"
                  }
                ],
                "hasDefaultArg": true,
                "usr": "s:Sq"
              },
              {
                "kind": "TypeNominal",
                "name": "Optional",
                "printedName": "Foundation.Data?",
                "children": [
                  {
                    "kind": "TypeNominal",
                    "name": "Data",
                    "printedName": "Foundation.Data",
                    "usr": "s:10Foundation4DataV"
                  }
                ],
                "hasDefaultArg": true,
                "usr": "s:Sq"
              }
            ],
            "declKind": "Func",
            "usr": "s:15SmileIDSecurity0A15IDCryptoManagerC4sign9timestamp7headers7payloadS2S_SDyS2SGSg10Foundation4DataVSgtKF",
            "mangledName": "$s15SmileIDSecurity0A15IDCryptoManagerC4sign9timestamp7headers7payloadS2S_SDyS2SGSg10Foundation4DataVSgtKF",
            "moduleName": "SmileIDSecurity",
            "declAttributes": [
              "AccessControl",
              "RawDocComment"
            ],
            "throwing": true,
            "funcSelfKind": "NonMutating"
          }
        ],
        "declKind": "Class",
        "usr": "s:15SmileIDSecurity0A15IDCryptoManagerC",
        "mangledName": "$s15SmileIDSecurity0A15IDCryptoManagerC",
        "moduleName": "SmileIDSecurity",
        "declAttributes": [
          "AccessControl",
          "RawDocComment"
        ],
        "hasMissingDesignatedInitializers": true
      }
    ],
    "json_format_version": 8
  },
  "ConstValues": [
    {
      "filePath": "\/Users\/runner\/work\/ios-secure\/ios-secure\/Sources\/ArkanaKeys.swift",
      "kind": "Array",
      "offset": 198,
      "length": 388,
      "value": "[0xf9, 0xa3, 0xc8, 0x16, 0xa3, 0x72, 0x4e, 0x32, 0x95, 0xa4, 0xdd, 0xbc, 0x95, 0xaa, 0xf3, 0x77, 0x8d, 0x15, 0x64, 0x17, 0x51, 0xe0, 0x44, 0xfb, 0x68, 0x19, 0xa3, 0x96, 0x98, 0x9b, 0xbf, 0x94, 0xd4, 0xa5, 0x19, 0xbb, 0x34, 0x1b, 0x4d, 0xa8, 0x9, 0xe6, 0xeb, 0, 0x36, 0x9e, 0x7e, 0xd6, 0x81, 0xa8, 0x35, 0xfb, 0xef, 0x13, 0xb2, 0x88, 0x7a, 0x1e, 0x26, 0xda, 0x45, 0xc1, 0xbd, 0x39]"
    },
    {
      "filePath": "\/Users\/runner\/work\/ios-secure\/ios-secure\/Sources\/ArkanaKeys.swift",
      "kind": "Array",
      "offset": 1342,
      "length": 528,
      "value": "[0x91, 0xd7, 0xbc, 0x66, 0xd0, 0x48, 0x61, 0x1d, 0xf1, 0x9c, 0xec, 0xdf, 0xa1, 0x9e, 0xc5, 0x46, 0xba, 0x2d, 0x5d, 0x2e, 0x65, 0x84, 0x25, 0x9a, 0x9, 0x2c, 0x91, 0xf7, 0xfe, 0xab, 0x8a, 0xf5, 0xec, 0xc7, 0x2a, 0x8b, 0x3, 0x29, 0x2f, 0x91, 0x49, 0x89, 0xda, 0x31, 0x3, 0xaa, 0x4f, 0xee, 0xb7, 0x86, 0x5c, 0x95, 0x88, 0x76, 0xc1, 0xfc, 0x54, 0x6b, 0x55, 0xf4, 0x36, 0xa4, 0xd3, 0x4d, 0x8b, 0xda, 0xe6, 0x7f, 0xcc, 0x5d, 0x7a, 0x7, 0xa5, 0x90, 0xec, 0x8a, 0xa7, 0x93, 0xc4, 0x46, 0xbe, 0x20, 0x57, 0x27, 0x69, 0xd8]"
    },
    {
      "filePath": "\/Users\/runner\/work\/ios-secure\/ios-secure\/Sources\/ArkanaKeys.swift",
      "kind": "Array",
      "offset": 2141,
      "length": 323,
      "value": "[0xcf, 0xc0, 0xfd, 0x66, 0xc7, 0x43, 0x38, 0x4a, 0xfe, 0x90, 0xe4, 0xcb, 0xf2, 0x93, 0xc3, 0, 0xfc, 0x63, 0x3, 0x2f, 0x28, 0x88, 0x7c, 0x9e, 0x1c, 0x2a, 0x96, 0xfc, 0xf2, 0xe3, 0xd4, 0xa5, 0xa0, 0x97, 0x2c, 0xdf, 0xc, 0x76, 0x75, 0xdb, 0x6e, 0x84, 0x8f, 0x78, 0x47, 0xae, 0x47, 0xbc, 0xe2, 0xdb, 0x53, 0x93]"
    },
    {
      "filePath": "\/Users\/runner\/work\/ios-secure\/ios-secure\/Sources\/ArkanaKeys.swift",
      "kind": "Array",
      "offset": 2637,
      "length": 323,
      "value": "[0xc8, 0x92, 0xad, 0x7e, 0x97, 0x44, 0x3d, 0x3, 0xa3, 0xca, 0xe5, 0xd4, 0xfd, 0xd8, 0x99, 0x1f, 0xf5, 0x6c, 0, 0x7a, 0x39, 0xd5, 0x37, 0x9d, 0x5d, 0x7b, 0x96, 0xe0, 0xe1, 0xf9, 0xdc, 0xf7, 0xe5, 0xc6, 0x6b, 0xd3, 0xd, 0x2d, 0x3a, 0xdb, 0x6a, 0x8c, 0x92, 0x35, 0x4c, 0xe4, 0x19, 0xb4, 0xea, 0x9c, 0x42, 0xca]"
    },
    {
      "filePath": "\/Users\/runner\/work\/ios-secure\/ios-secure\/Sources\/SmileIDCryptoManager.swift",
      "kind": "StringLiteral",
      "offset": 417,
      "length": 11,
      "value": "\"si_selfie\""
    },
    {
      "filePath": "\/Users\/runner\/work\/ios-secure\/ios-secure\/Sources\/SmileIDCryptoManager.swift",
      "kind": "StringLiteral",
      "offset": 449,
      "length": 13,
      "value": "\"si_liveness\""
    },
    {
      "filePath": "\/Users\/runner\/work\/ios-secure\/ios-secure\/Sources\/SmileIDCryptoManager.swift",
      "kind": "StringLiteral",
      "offset": 488,
      "length": 19,
      "value": "\"si_document_front\""
    },
    {
      "filePath": "\/Users\/runner\/work\/ios-secure\/ios-secure\/Sources\/SmileIDCryptoManager.swift",
      "kind": "StringLiteral",
      "offset": 532,
      "length": 18,
      "value": "\"si_document_back\""
    },
    {
      "filePath": "\/Users\/runner\/work\/ios-secure\/ios-secure\/Sources\/SmileIDCryptoManager.swift",
      "kind": "StringLiteral",
      "offset": 417,
      "length": 11,
      "value": "\"si_selfie\""
    },
    {
      "filePath": "\/Users\/runner\/work\/ios-secure\/ios-secure\/Sources\/SmileIDCryptoManager.swift",
      "kind": "StringLiteral",
      "offset": 449,
      "length": 13,
      "value": "\"si_liveness\""
    },
    {
      "filePath": "\/Users\/runner\/work\/ios-secure\/ios-secure\/Sources\/SmileIDCryptoManager.swift",
      "kind": "StringLiteral",
      "offset": 488,
      "length": 19,
      "value": "\"si_document_front\""
    },
    {
      "filePath": "\/Users\/runner\/work\/ios-secure\/ios-secure\/Sources\/SmileIDCryptoManager.swift",
      "kind": "StringLiteral",
      "offset": 532,
      "length": 18,
      "value": "\"si_document_back\""
    },
    {
      "filePath": "\/Users\/runner\/work\/ios-secure\/ios-secure\/Sources\/SmileIDCryptoManager.swift",
      "kind": "StringLiteral",
      "offset": 2727,
      "length": 10,
      "value": "\"smileid-\""
    },
    {
      "filePath": "\/Users\/runner\/work\/ios-secure\/ios-secure\/Sources\/SmileIDCryptoManager.swift",
      "kind": "IntegerLiteral",
      "offset": 4124,
      "length": 2,
      "value": "32"
    },
    {
      "filePath": "\/Users\/runner\/work\/ios-secure\/ios-secure\/Sources\/SmileIDCryptoManager.swift",
      "kind": "IntegerLiteral",
      "offset": 4154,
      "length": 7,
      "value": "200000"
    },
    {
      "filePath": "\/Users\/runner\/work\/ios-secure\/ios-secure\/Sources\/SmileIDCryptoManager.swift",
      "kind": "IntegerLiteral",
      "offset": 4364,
      "length": 1,
      "value": "0"
    }
  ]
}