{
  "ABIRoot": {
    "kind": "Root",
    "name": "TopLevel",
    "printedName": "TopLevel",
    "children": [
      {
        "kind": "Import",
        "name": "Foundation",
        "printedName": "Foundation",
        "declKind": "Import",
        "moduleName": "SmileIDSecurity"
      },
      {
        "kind": "Import",
        "name": "CryptoKit",
        "printedName": "CryptoKit",
        "declKind": "Import",
        "moduleName": "SmileIDSecurity"
      },
      {
        "kind": "Import",
        "name": "CommonCrypto",
        "printedName": "CommonCrypto",
        "declKind": "Import",
        "moduleName": "SmileIDSecurity"
      },
      {
        "kind": "TypeDecl",
        "name": "SmileIDCryptoError",
        "printedName": "SmileIDCryptoError",
        "children": [
          {
            "kind": "Var",
            "name": "deriveKeyError",
            "printedName": "deriveKeyError",
            "children": [
              {
                "kind": "TypeFunc",
                "name": "Function",
                "printedName": "(SmileIDSecurity.SmileIDCryptoError.Type) -> SmileIDSecurity.SmileIDCryptoError",
                "children": [
                  {
                    "kind": "TypeNominal",
                    "name": "SmileIDCryptoError",
                    "printedName": "SmileIDSecurity.SmileIDCryptoError",
                    "usr": "s:15SmileIDSecurity0A13IDCryptoErrorO"
                  },
                  {
                    "kind": "TypeNominal",
                    "name": "Metatype",
                    "printedName": "SmileIDSecurity.SmileIDCryptoError.Type",
                    "children": [
                      {
                        "kind": "TypeNominal",
                        "name": "SmileIDCryptoError",
                        "printedName": "SmileIDSecurity.SmileIDCryptoError",
                        "usr": "s:15SmileIDSecurity0A13IDCryptoErrorO"
                      }
                    ]
                  }
                ]
              }
            ],
            "declKind": "EnumElement",
            "usr": "s:15SmileIDSecurity0A13IDCryptoErrorO09deriveKeyD0yA2CmF",
            "mangledName": "$s15SmileIDSecurity0A13IDCryptoErrorO09deriveKeyD0yA2CmF",
            "moduleName": "SmileIDSecurity"
          },
          {
            "kind": "Var",
            "name": "encodingError",
            "printedName": "encodingError",
            "children": [
              {
                "kind": "TypeFunc",
                "name": "Function",
                "printedName": "(SmileIDSecurity.SmileIDCryptoError.Type) -> SmileIDSecurity.SmileIDCryptoError",
                "children": [
                  {
                    "kind": "TypeNominal",
                    "name": "SmileIDCryptoError",
                    "printedName": "SmileIDSecurity.SmileIDCryptoError",
                    "usr": "s:15SmileIDSecurity0A13IDCryptoErrorO"
                  },
                  {
                    "kind": "TypeNominal",
                    "name": "Metatype",
                    "printedName": "SmileIDSecurity.SmileIDCryptoError.Type",
                    "children": [
                      {
                        "kind": "TypeNominal",
                        "name": "SmileIDCryptoError",
                        "printedName": "SmileIDSecurity.SmileIDCryptoError",
                        "usr": "s:15SmileIDSecurity0A13IDCryptoErrorO"
                      }
                    ]
                  }
                ]
              }
            ],
            "declKind": "EnumElement",
            "usr": "s:15SmileIDSecurity0A13IDCryptoErrorO08encodingD0yA2CmF",
            "mangledName": "$s15SmileIDSecurity0A13IDCryptoErrorO08encodingD0yA2CmF",
            "moduleName": "SmileIDSecurity"
          },
          {
            "kind": "Function",
            "name": "==",
            "printedName": "==(_:_:)",
            "children": [
              {
                "kind": "TypeNominal",
                "name": "Bool",
                "printedName": "Swift.Bool",
                "usr": "s:Sb"
              },
              {
                "kind": "TypeNominal",
                "name": "SmileIDCryptoError",
                "printedName": "SmileIDSecurity.SmileIDCryptoError",
                "usr": "s:15SmileIDSecurity0A13IDCryptoErrorO"
              },
              {
                "kind": "TypeNominal",
                "name": "SmileIDCryptoError",
                "printedName": "SmileIDSecurity.SmileIDCryptoError",
                "usr": "s:15SmileIDSecurity0A13IDCryptoErrorO"
              }
            ],
            "declKind": "Func",
            "usr": "s:15SmileIDSecurity0A13IDCryptoErrorO2eeoiySbAC_ACtFZ",
            "mangledName": "$s15SmileIDSecurity0A13IDCryptoErrorO2eeoiySbAC_ACtFZ",
            "moduleName": "SmileIDSecurity",
            "static": true,
            "implicit": true,
            "funcSelfKind": "NonMutating"
          },
          {
            "kind": "Var",
            "name": "hashValue",
            "printedName": "hashValue",
            "children": [
              {
                "kind": "TypeNominal",
                "name": "Int",
                "printedName": "Swift.Int",
                "usr": "s:Si"
              }
            ],
            "declKind": "Var",
            "usr": "s:15SmileIDSecurity0A13IDCryptoErrorO9hashValueSivp",
            "mangledName": "$s15SmileIDSecurity0A13IDCryptoErrorO9hashValueSivp",
            "moduleName": "SmileIDSecurity",
            "implicit": true,
            "accessors": [
              {
                "kind": "Accessor",
                "name": "Get",
                "printedName": "Get()",
                "children": [
                  {
                    "kind": "TypeNominal",
                    "name": "Int",
                    "printedName": "Swift.Int",
                    "usr": "s:Si"
                  }
                ],
                "declKind": "Accessor",
                "usr": "s:15SmileIDSecurity0A13IDCryptoErrorO9hashValueSivg",
                "mangledName": "$s15SmileIDSecurity0A13IDCryptoErrorO9hashValueSivg",
                "moduleName": "SmileIDSecurity",
                "implicit": true,
                "accessorKind": "get"
              }
            ]
          },
          {
            "kind": "Function",
            "name": "hash",
            "printedName": "hash(into:)",
            "children": [
              {
                "kind": "TypeNominal",
                "name": "Void",
                "printedName": "()"
              },
              {
                "kind": "TypeNominal",
                "name": "Hasher",
                "printedName": "Swift.Hasher",
                "paramValueOwnership": "InOut",
                "usr": "s:s6HasherV"
              }
            ],
            "declKind": "Func",
            "usr": "s:15SmileIDSecurity0A13IDCryptoErrorO4hash4intoys6HasherVz_tF",
            "mangledName": "$s15SmileIDSecurity0A13IDCryptoErrorO4hash4intoys6HasherVz_tF",
            "moduleName": "SmileIDSecurity",
            "implicit": true,
            "funcSelfKind": "NonMutating"
          }
        ],
        "declKind": "Enum",
        "usr": "s:15SmileIDSecurity0A13IDCryptoErrorO",
        "mangledName": "$s15SmileIDSecurity0A13IDCryptoErrorO",
        "moduleName": "SmileIDSecurity",
        "declAttributes": [
          "AccessControl",
          "RawDocComment"
        ],
        "conformances": [
          {
            "kind": "Conformance",
            "name": "Equatable",
            "printedName": "Equatable",
            "usr": "s:SQ",
            "mangledName": "$sSQ"
          },
          {
            "kind": "Conformance",
            "name": "Hashable",
            "printedName": "Hashable",
            "usr": "s:SH",
            "mangledName": "$sSH"
          },
          {
            "kind": "Conformance",
            "name": "Error",
            "printedName": "Error",
            "usr": "s:s5ErrorP",
            "mangledName": "$ss5ErrorP"
          },
          {
            "kind": "Conformance",
            "name": "Sendable",
            "printedName": "Sendable",
            "usr": "s:s8SendableP",
            "mangledName": "$ss8SendableP"
          }
        ]
      },
      {
        "kind": "TypeDecl",
        "name": "SmileIDCryptoManager",
        "printedName": "SmileIDCryptoManager",
        "children": [
          {
            "kind": "Var",
            "name": "shared",
            "printedName": "shared",
            "children": [
              {
                "kind": "TypeNominal",
                "name": "SmileIDCryptoManager",
                "printedName": "SmileIDSecurity.SmileIDCryptoManager",
                "usr": "s:15SmileIDSecurity0A15IDCryptoManagerC"
              }
            ],
            "declKind": "Var",
            "usr": "s:15SmileIDSecurity0A15IDCryptoManagerC6sharedACvpZ",
            "mangledName": "$s15SmileIDSecurity0A15IDCryptoManagerC6sharedACvpZ",
            "moduleName": "SmileIDSecurity",
            "static": true,
            "declAttributes": [
              "HasInitialValue",
              "Final",
              "HasStorage",
              "AccessControl",
              "RawDocComment"
            ],
            "isLet": true,
            "hasStorage": true,
            "accessors": [
              {
                "kind": "Accessor",
                "name": "Get",
                "printedName": "Get()",
                "children": [
                  {
                    "kind": "TypeNominal",
                    "name": "SmileIDCryptoManager",
                    "printedName": "SmileIDSecurity.SmileIDCryptoManager",
                    "usr": "s:15SmileIDSecurity0A15IDCryptoManagerC"
                  }
                ],
                "declKind": "Accessor",
                "usr": "s:15SmileIDSecurity0A15IDCryptoManagerC6sharedACvgZ",
                "mangledName": "$s15SmileIDSecurity0A15IDCryptoManagerC6sharedACvgZ",
                "moduleName": "SmileIDSecurity",
                "static": true,
                "implicit": true,
                "declAttributes": [
                  "Final"
                ],
                "accessorKind": "get"
              }
            ]
          },
          {
            "kind": "Function",
            "name": "sign",
            "printedName": "sign(timestamp:files:)",
            "children": [
              {
                "kind": "TypeNominal",
                "name": "String",
                "printedName": "Swift.String",
                "usr": "s:SS"
              },
              {
                "kind": "TypeNominal",
                "name": "String",
                "printedName": "Swift.String",
                "usr": "s:SS"
              },
              {
                "kind": "TypeNominal",
                "name": "Array",
                "printedName": "[Foundation.URL]",
                "children": [
                  {
                    "kind": "TypeNominal",
                    "name": "URL",
                    "printedName": "Foundation.URL",
                    "usr": "s:10Foundation3URLV"
                  }
                ],
                "usr": "s:Sa"
              }
            ],
            "declKind": "Func",
            "usr": "s:15SmileIDSecurity0A15IDCryptoManagerC4sign9timestamp5filesS2S_Say10Foundation3URLVGtKF",
            "mangledName": "$s15SmileIDSecurity0A15IDCryptoManagerC4sign9timestamp5filesS2S_Say10Foundation3URLVGtKF",
            "moduleName": "SmileIDSecurity",
            "declAttributes": [
              "AccessControl",
              "RawDocComment"
            ],
            "throwing": true,
            "funcSelfKind": "NonMutating"
          },
          {
            "kind": "Function",
            "name": "sign",
            "printedName": "sign(timestamp:headers:payload:)",
            "children": [
              {
                "kind": "TypeNominal",
                "name": "String",
                "printedName": "Swift.String",
                "usr": "s:SS"
              },
              {
                "kind": "TypeNominal",
                "name": "String",
                "printedName": "Swift.String",
                "usr": "s:SS"
              },
              {
                "kind": "TypeNominal",
                "name": "Optional",
                "printedName": "[Swift.String : Swift.String]?",
                "children": [
                  {
                    "kind": "TypeNominal",
                    "name": "Dictionary",
                    "printedName": "[Swift.String : Swift.String]",
                    "children": [
                      {
                        "kind": "TypeNominal",
                        "name": "String",
                        "printedName": "Swift.String",
                        "usr": "s:SS"
                      },
                      {
                        "kind": "TypeNominal",
                        "name": "String",
                        "printedName": "Swift.String",
                        "usr": "s:SS"
                      }
                    ],
                    "usr": "s:SD"
                  }
                ],
                "hasDefaultArg": true,
                "usr": "s:Sq"
              },
              {
                "kind": "TypeNominal",
                "name": "Optional",
                "printedName": "Foundation.Data?",
                "children": [
                  {
                    "kind": "TypeNominal",
                    "name": "Data",
                    "printedName": "Foundation.Data",
                    "usr": "s:10Foundation4DataV"
                  }
                ],
                "hasDefaultArg": true,
                "usr": "s:Sq"
              }
            ],
            "declKind": "Func",
            "usr": "s:15SmileIDSecurity0A15IDCryptoManagerC4sign9timestamp7headers7payloadS2S_SDyS2SGSg10Foundation4DataVSgtKF",
            "mangledName": "$s15SmileIDSecurity0A15IDCryptoManagerC4sign9timestamp7headers7payloadS2S_SDyS2SGSg10Foundation4DataVSgtKF",
            "moduleName": "SmileIDSecurity",
            "declAttributes": [
              "AccessControl",
              "RawDocComment"
            ],
            "throwing": true,
            "funcSelfKind": "NonMutating"
          }
        ],
        "declKind": "Class",
        "usr": "s:15SmileIDSecurity0A15IDCryptoManagerC",
        "mangledName": "$s15SmileIDSecurity0A15IDCryptoManagerC",
        "moduleName": "SmileIDSecurity",
        "declAttributes": [
          "AccessControl",
          "RawDocComment"
        ],
        "hasMissingDesignatedInitializers": true
      }
    ],
    "json_format_version": 8
  },
  "ConstValues": [
    {
      "filePath": "\/Users\/runner\/work\/ios-secure\/ios-secure\/Sources\/SmileIDCryptoManager.swift",
      "kind": "StringLiteral",
      "offset": 384,
      "length": 11,
      "value": "\"si_selfie\""
    },
    {
      "filePath": "\/Users\/runner\/work\/ios-secure\/ios-secure\/Sources\/SmileIDCryptoManager.swift",
      "kind": "StringLiteral",
      "offset": 416,
      "length": 13,
      "value": "\"si_liveness\""
    },
    {
      "filePath": "\/Users\/runner\/work\/ios-secure\/ios-secure\/Sources\/SmileIDCryptoManager.swift",
      "kind": "StringLiteral",
      "offset": 455,
      "length": 19,
      "value": "\"si_document_front\""
    },
    {
      "filePath": "\/Users\/runner\/work\/ios-secure\/ios-secure\/Sources\/SmileIDCryptoManager.swift",
      "kind": "StringLiteral",
      "offset": 499,
      "length": 18,
      "value": "\"si_document_back\""
    },
    {
      "filePath": "\/Users\/runner\/work\/ios-secure\/ios-secure\/Sources\/SmileIDCryptoManager.swift",
      "kind": "StringLiteral",
      "offset": 384,
      "length": 11,
      "value": "\"si_selfie\""
    },
    {
      "filePath": "\/Users\/runner\/work\/ios-secure\/ios-secure\/Sources\/SmileIDCryptoManager.swift",
      "kind": "StringLiteral",
      "offset": 416,
      "length": 13,
      "value": "\"si_liveness\""
    },
    {
      "filePath": "\/Users\/runner\/work\/ios-secure\/ios-secure\/Sources\/SmileIDCryptoManager.swift",
      "kind": "StringLiteral",
      "offset": 455,
      "length": 19,
      "value": "\"si_document_front\""
    },
    {
      "filePath": "\/Users\/runner\/work\/ios-secure\/ios-secure\/Sources\/SmileIDCryptoManager.swift",
      "kind": "StringLiteral",
      "offset": 499,
      "length": 18,
      "value": "\"si_document_back\""
    },
    {
      "filePath": "\/Users\/runner\/work\/ios-secure\/ios-secure\/Sources\/SmileIDCryptoManager.swift",
      "kind": "StringLiteral",
      "offset": 2694,
      "length": 10,
      "value": "\"smileid-\""
    },
    {
      "filePath": "\/Users\/runner\/work\/ios-secure\/ios-secure\/Sources\/SmileIDCryptoManager.swift",
      "kind": "StringLiteral",
      "offset": 4020,
      "length": 6,
      "value": "\"test\""
    },
    {
      "filePath": "\/Users\/runner\/work\/ios-secure\/ios-secure\/Sources\/SmileIDCryptoManager.swift",
      "kind": "IntegerLiteral",
      "offset": 4053,
      "length": 2,
      "value": "32"
    },
    {
      "filePath": "\/Users\/runner\/work\/ios-secure\/ios-secure\/Sources\/SmileIDCryptoManager.swift",
      "kind": "IntegerLiteral",
      "offset": 4083,
      "length": 7,
      "value": "200000"
    },
    {
      "filePath": "\/Users\/runner\/work\/ios-secure\/ios-secure\/Sources\/SmileIDCryptoManager.swift",
      "kind": "IntegerLiteral",
      "offset": 4293,
      "length": 1,
      "value": "0"
    }
  ]
}